the_geom,cartodb_id,ct10_id,muni_id,muni_upper,municipal
,1,25023502200,1,ABINGTON,Abington
,2,25023520100,1,ABINGTON,Abington
,3,25023520201,1,ABINGTON,Abington
,4,25023520202,1,ABINGTON,Abington
,5,25017363102,2,ACTON,Acton
,6,25017363103,2,ACTON,Acton
,7,25017363104,2,ACTON,Acton
,8,25017363201,2,ACTON,Acton
,9,25017363202,2,ACTON,Acton
,10,25005654100,3,ACUSHNET,Acushnet
,11,25005654200,3,ACUSHNET,Acushnet
,12,25003922100,4,ADAMS,Adams
,13,25003922200,4,ADAMS,Adams
,14,25003922300,4,ADAMS,Adams
,15,25013813204,5,AGAWAM,Agawam
,16,25013813205,5,AGAWAM,Agawam
,17,25013813206,5,AGAWAM,Agawam
,18,25013813207,5,AGAWAM,Agawam
,19,25013813208,5,AGAWAM,Agawam
,20,25013813209,5,AGAWAM,Agawam
,21,25003934300,6,ALFORD,Alford
,22,25009266100,7,AMESBURY,Amesbury
,23,25009266200,7,AMESBURY,Amesbury
,24,25009266300,7,AMESBURY,Amesbury
,25,25009266400,7,AMESBURY,Amesbury
,26,25015820300,8,AMHERST,Amherst
,27,25015820400,8,AMHERST,Amherst
,28,25015820500,8,AMHERST,Amherst
,29,25015820600,8,AMHERST,Amherst
,30,25015820700,8,AMHERST,Amherst
,31,25015820801,8,AMHERST,Amherst
,32,25015820802,8,AMHERST,Amherst
,33,25009254100,9,ANDOVER,Andover
,34,25009254200,9,ANDOVER,Andover
,35,25009254301,9,ANDOVER,Andover
,36,25009254302,9,ANDOVER,Andover
,37,25009254401,9,ANDOVER,Andover
,38,25009254402,9,ANDOVER,Andover
,39,25009254403,9,ANDOVER,Andover
,40,25007200400,104,AQUINNAH,Aquinnah
,41,25017356100,10,ARLINGTON,Arlington
,42,25017356300,10,ARLINGTON,Arlington
,43,25017356400,10,ARLINGTON,Arlington
,44,25017356500,10,ARLINGTON,Arlington
,45,25017356601,10,ARLINGTON,Arlington
,46,25017356602,10,ARLINGTON,Arlington
,47,25017356701,10,ARLINGTON,Arlington
,48,25017356702,10,ARLINGTON,Arlington
,49,25027700100,11,ASHBURNHAM,Ashburnham
,50,25017300100,12,ASHBY,Ashby
,51,25011041501,13,ASHFIELD,Ashfield
,52,25017385100,14,ASHLAND,Ashland
,53,25017385201,14,ASHLAND,Ashland
,54,25017385202,14,ASHLAND,Ashland
,55,25027703100,15,ATHOL,Athol
,56,25027703200,15,ATHOL,Athol
,57,25027703300,15,ATHOL,Athol
,58,25005631100,16,ATTLEBORO,Attleboro
,59,25005631200,16,ATTLEBORO,Attleboro
,60,25005631300,16,ATTLEBORO,Attleboro
,61,25005631400,16,ATTLEBORO,Attleboro
,62,25005631500,16,ATTLEBORO,Attleboro
,63,25005631600,16,ATTLEBORO,Attleboro
,64,25005631700,16,ATTLEBORO,Attleboro
,65,25005631800,16,ATTLEBORO,Attleboro
,66,25027736100,17,AUBURN,Auburn
,67,25027736200,17,AUBURN,Auburn
,68,25027736300,17,AUBURN,Auburn
,69,25027736400,17,AUBURN,Auburn
,70,25027736500,17,AUBURN,Auburn
,71,25021457100,18,AVON,Avon
,72,25017325100,19,AYER,Ayer
,73,25001012200,20,BARNSTABLE,Barnstable
,74,25001012502,20,BARNSTABLE,Barnstable
,75,25001012601,20,BARNSTABLE,Barnstable
,76,25001012602,20,BARNSTABLE,Barnstable
,77,25001012700,20,BARNSTABLE,Barnstable
,78,25001012800,20,BARNSTABLE,Barnstable
,79,25001012900,20,BARNSTABLE,Barnstable
,80,25001013002,20,BARNSTABLE,Barnstable
,81,25001013100,20,BARNSTABLE,Barnstable
,82,25001013200,20,BARNSTABLE,Barnstable
,83,25001015300,20,BARNSTABLE,Barnstable
,84,25027722100,21,BARRE,Barre
,85,25003932200,22,BECKET,Becket
,86,25017359100,23,BEDFORD,Bedford
,87,25017359300,23,BEDFORD,Bedford
,88,25015820203,24,BELCHERTOWN,Belchertown
,89,25015820204,24,BELCHERTOWN,Belchertown
,90,25021443101,25,BELLINGHAM,Bellingham
,91,25021443102,25,BELLINGHAM,Bellingham
,92,25017357100,26,BELMONT,Belmont
,93,25017357200,26,BELMONT,Belmont
,94,25017357300,26,BELMONT,Belmont
,95,25017357400,26,BELMONT,Belmont
,96,25017357500,26,BELMONT,Belmont
,97,25017357600,26,BELMONT,Belmont
,98,25017357700,26,BELMONT,Belmont
,99,25017357800,26,BELMONT,Belmont
,100,25005616100,27,BERKLEY,Berkley
,101,25027717100,28,BERLIN,Berlin
,102,25011040200,29,BERNARDSTON,Bernardston
,103,25009217100,30,BEVERLY,Beverly
,104,25009217201,30,BEVERLY,Beverly
,105,25009217202,30,BEVERLY,Beverly
,106,25009217300,30,BEVERLY,Beverly
,107,25009217400,30,BEVERLY,Beverly
,108,25009217500,30,BEVERLY,Beverly
,109,25009217600,30,BEVERLY,Beverly
,110,25017316101,31,BILLERICA,Billerica
,111,25017316102,31,BILLERICA,Billerica
,112,25017316201,31,BILLERICA,Billerica
,113,25017316202,31,BILLERICA,Billerica
,114,25017316300,31,BILLERICA,Billerica
,115,25017316400,31,BILLERICA,Billerica
,116,25017316500,31,BILLERICA,Billerica
,117,25027747101,32,BLACKSTONE,Blackstone
,118,25027747102,32,BLACKSTONE,Blackstone
,119,25013813000,33,BLANDFORD,Blandford
,120,25027715100,34,BOLTON,Bolton
,121,25023500101,35,BOSTON,Boston
,122,25025000100,35,BOSTON,Boston
,123,25025000201,35,BOSTON,Boston
,124,25025000202,35,BOSTON,Boston
,125,25025000301,35,BOSTON,Boston
,126,25025000302,35,BOSTON,Boston
,127,25025000401,35,BOSTON,Boston
,128,25025000402,35,BOSTON,Boston
,129,25025000502,35,BOSTON,Boston
,130,25025000503,35,BOSTON,Boston
,131,25025000504,35,BOSTON,Boston
,132,25025000601,35,BOSTON,Boston
,133,25025000602,35,BOSTON,Boston
,134,25025000701,35,BOSTON,Boston
,135,25025000703,35,BOSTON,Boston
,136,25025000704,35,BOSTON,Boston
,137,25025000802,35,BOSTON,Boston
,138,25025000803,35,BOSTON,Boston
,139,25025010103,35,BOSTON,Boston
,140,25025010104,35,BOSTON,Boston
,141,25025010203,35,BOSTON,Boston
,142,25025010204,35,BOSTON,Boston
,143,25025010300,35,BOSTON,Boston
,144,25025010403,35,BOSTON,Boston
,145,25025010404,35,BOSTON,Boston
,146,25025010405,35,BOSTON,Boston
,147,25025010408,35,BOSTON,Boston
,148,25025010500,35,BOSTON,Boston
,149,25025010600,35,BOSTON,Boston
,150,25025010701,35,BOSTON,Boston
,151,25025010702,35,BOSTON,Boston
,152,25025010801,35,BOSTON,Boston
,153,25025010802,35,BOSTON,Boston
,154,25025020101,35,BOSTON,Boston
,155,25025020200,35,BOSTON,Boston
,156,25025020301,35,BOSTON,Boston
,157,25025020302,35,BOSTON,Boston
,158,25025020303,35,BOSTON,Boston
,159,25025030100,35,BOSTON,Boston
,160,25025030200,35,BOSTON,Boston
,161,25025030300,35,BOSTON,Boston
,162,25025030400,35,BOSTON,Boston
,163,25025030500,35,BOSTON,Boston
,164,25025040100,35,BOSTON,Boston
,165,25025040200,35,BOSTON,Boston
,166,25025040300,35,BOSTON,Boston
,167,25025040401,35,BOSTON,Boston
,168,25025040600,35,BOSTON,Boston
,169,25025040801,35,BOSTON,Boston
,170,25025050101,35,BOSTON,Boston
,171,25025050200,35,BOSTON,Boston
,172,25025050300,35,BOSTON,Boston
,173,25025050400,35,BOSTON,Boston
,174,25025050500,35,BOSTON,Boston
,175,25025050600,35,BOSTON,Boston
,176,25025050700,35,BOSTON,Boston
,177,25025050901,35,BOSTON,Boston
,178,25025051000,35,BOSTON,Boston
,179,25025051101,35,BOSTON,Boston
,180,25025051200,35,BOSTON,Boston
,181,25025060101,35,BOSTON,Boston
,182,25025060200,35,BOSTON,Boston
,183,25025060301,35,BOSTON,Boston
,184,25025060400,35,BOSTON,Boston
,185,25025060501,35,BOSTON,Boston
,186,25025060600,35,BOSTON,Boston
,187,25025060700,35,BOSTON,Boston
,188,25025060800,35,BOSTON,Boston
,189,25025061000,35,BOSTON,Boston
,190,25025061101,35,BOSTON,Boston
,191,25025061200,35,BOSTON,Boston
,192,25025070101,35,BOSTON,Boston
,193,25025070200,35,BOSTON,Boston
,194,25025070300,35,BOSTON,Boston
,195,25025070402,35,BOSTON,Boston
,196,25025070500,35,BOSTON,Boston
,197,25025070600,35,BOSTON,Boston
,198,25025070700,35,BOSTON,Boston
,199,25025070800,35,BOSTON,Boston
,200,25025070900,35,BOSTON,Boston
,201,25025071101,35,BOSTON,Boston
,202,25025071201,35,BOSTON,Boston
,203,25025080100,35,BOSTON,Boston
,204,25025080300,35,BOSTON,Boston
,205,25025080401,35,BOSTON,Boston
,206,25025080500,35,BOSTON,Boston
,207,25025080601,35,BOSTON,Boston
,208,25025080801,35,BOSTON,Boston
,209,25025080900,35,BOSTON,Boston
,210,25025081001,35,BOSTON,Boston
,211,25025081100,35,BOSTON,Boston
,212,25025081200,35,BOSTON,Boston
,213,25025081300,35,BOSTON,Boston
,214,25025081400,35,BOSTON,Boston
,215,25025081500,35,BOSTON,Boston
,216,25025081700,35,BOSTON,Boston
,217,25025081800,35,BOSTON,Boston
,218,25025081900,35,BOSTON,Boston
,219,25025082000,35,BOSTON,Boston
,220,25025082100,35,BOSTON,Boston
,221,25025090100,35,BOSTON,Boston
,222,25025090200,35,BOSTON,Boston
,223,25025090300,35,BOSTON,Boston
,224,25025090400,35,BOSTON,Boston
,225,25025090600,35,BOSTON,Boston
,226,25025090700,35,BOSTON,Boston
,227,25025090901,35,BOSTON,Boston
,228,25025091001,35,BOSTON,Boston
,229,25025091100,35,BOSTON,Boston
,230,25025091200,35,BOSTON,Boston
,231,25025091300,35,BOSTON,Boston
,232,25025091400,35,BOSTON,Boston
,233,25025091500,35,BOSTON,Boston
,234,25025091600,35,BOSTON,Boston
,235,25025091700,35,BOSTON,Boston
,236,25025091800,35,BOSTON,Boston
,237,25025091900,35,BOSTON,Boston
,238,25025092000,35,BOSTON,Boston
,239,25025092101,35,BOSTON,Boston
,240,25025092200,35,BOSTON,Boston
,241,25025092300,35,BOSTON,Boston
,242,25025092400,35,BOSTON,Boston
,243,25025100100,35,BOSTON,Boston
,244,25025100200,35,BOSTON,Boston
,245,25025100300,35,BOSTON,Boston
,246,25025100400,35,BOSTON,Boston
,247,25025100500,35,BOSTON,Boston
,248,25025100601,35,BOSTON,Boston
,249,25025100603,35,BOSTON,Boston
,250,25025100700,35,BOSTON,Boston
,251,25025100800,35,BOSTON,Boston
,252,25025100900,35,BOSTON,Boston
,253,25025101001,35,BOSTON,Boston
,254,25025101002,35,BOSTON,Boston
,255,25025101101,35,BOSTON,Boston
,256,25025101102,35,BOSTON,Boston
,257,25025110103,35,BOSTON,Boston
,258,25025110201,35,BOSTON,Boston
,259,25025110301,35,BOSTON,Boston
,260,25025110401,35,BOSTON,Boston
,261,25025110403,35,BOSTON,Boston
,262,25025110501,35,BOSTON,Boston
,263,25025110502,35,BOSTON,Boston
,264,25025110601,35,BOSTON,Boston
,265,25025110607,35,BOSTON,Boston
,266,25025120103,35,BOSTON,Boston
,267,25025120104,35,BOSTON,Boston
,268,25025120105,35,BOSTON,Boston
,269,25025120201,35,BOSTON,Boston
,270,25025120301,35,BOSTON,Boston
,271,25025120400,35,BOSTON,Boston
,272,25025120500,35,BOSTON,Boston
,273,25025120600,35,BOSTON,Boston
,274,25025120700,35,BOSTON,Boston
,275,25025130100,35,BOSTON,Boston
,276,25025130200,35,BOSTON,Boston
,277,25025130300,35,BOSTON,Boston
,278,25025130402,35,BOSTON,Boston
,279,25025130404,35,BOSTON,Boston
,280,25025130406,35,BOSTON,Boston
,281,25025140102,35,BOSTON,Boston
,282,25025140105,35,BOSTON,Boston
,283,25025140106,35,BOSTON,Boston
,284,25025140107,35,BOSTON,Boston
,285,25025140201,35,BOSTON,Boston
,286,25025140202,35,BOSTON,Boston
,287,25025140300,35,BOSTON,Boston
,288,25025140400,35,BOSTON,Boston
,289,25025980101,35,BOSTON,Boston
,290,25025980300,35,BOSTON,Boston
,291,25025980700,35,BOSTON,Boston
,292,25025981000,35,BOSTON,Boston
,293,25025981100,35,BOSTON,Boston
,294,25025981201,35,BOSTON,Boston
,295,25025981202,35,BOSTON,Boston
,296,25025981300,35,BOSTON,Boston
,297,25025981501,35,BOSTON,Boston
,298,25025981502,35,BOSTON,Boston
,299,25025981600,35,BOSTON,Boston
,300,25025981700,35,BOSTON,Boston
,301,25025981800,35,BOSTON,Boston
,302,25001013700,36,BOURNE,Bourne
,303,25001013800,36,BOURNE,Bourne
,304,25001013900,36,BOURNE,Bourne
,305,25001014002,36,BOURNE,Bourne
,306,25001014100,36,BOURNE,Bourne
,307,25017388100,37,BOXBOROUGH,Boxborough
,308,25009213100,38,BOXFORD,Boxford
,309,25027718100,39,BOYLSTON,Boylston
,310,25021419100,40,BRAINTREE,Braintree
,311,25021419200,40,BRAINTREE,Braintree
,312,25021419300,40,BRAINTREE,Braintree
,313,25021419400,40,BRAINTREE,Braintree
,314,25021419500,40,BRAINTREE,Braintree
,315,25021419600,40,BRAINTREE,Braintree
,316,25021419700,40,BRAINTREE,Braintree
,317,25021419800,40,BRAINTREE,Braintree
,318,25001010800,41,BREWSTER,Brewster
,319,25001010900,41,BREWSTER,Brewster
,320,25023525101,42,BRIDGEWATER,Bridgewater
,321,25023525104,42,BRIDGEWATER,Bridgewater
,322,25023525203,42,BRIDGEWATER,Bridgewater
,323,25023525204,42,BRIDGEWATER,Bridgewater
,324,25023525300,42,BRIDGEWATER,Bridgewater
,325,25023561200,42,BRIDGEWATER,Bridgewater
,326,25013813802,43,BRIMFIELD,Brimfield
,327,25023510100,44,BROCKTON,Brockton
,328,25023510200,44,BROCKTON,Brockton
,329,25023510300,44,BROCKTON,Brockton
,330,25023510400,44,BROCKTON,Brockton
,331,25023510501,44,BROCKTON,Brockton
,332,25023510502,44,BROCKTON,Brockton
,333,25023510503,44,BROCKTON,Brockton
,334,25023510600,44,BROCKTON,Brockton
,335,25023510700,44,BROCKTON,Brockton
,336,25023510800,44,BROCKTON,Brockton
,337,25023510900,44,BROCKTON,Brockton
,338,25023511000,44,BROCKTON,Brockton
,339,25023511100,44,BROCKTON,Brockton
,340,25023511200,44,BROCKTON,Brockton
,341,25023511301,44,BROCKTON,Brockton
,342,25023511302,44,BROCKTON,Brockton
,343,25023511400,44,BROCKTON,Brockton
,344,25023511500,44,BROCKTON,Brockton
,345,25023511600,44,BROCKTON,Brockton
,346,25023511701,44,BROCKTON,Brockton
,347,25023511702,44,BROCKTON,Brockton
,348,25027760100,45,BROOKFIELD,Brookfield
,349,25021400100,46,BROOKLINE,Brookline
,350,25021400200,46,BROOKLINE,Brookline
,351,25021400300,46,BROOKLINE,Brookline
,352,25021400400,46,BROOKLINE,Brookline
,353,25021400500,46,BROOKLINE,Brookline
,354,25021400600,46,BROOKLINE,Brookline
,355,25021400700,46,BROOKLINE,Brookline
,356,25021400800,46,BROOKLINE,Brookline
,357,25021400900,46,BROOKLINE,Brookline
,358,25021401000,46,BROOKLINE,Brookline
,359,25021401100,46,BROOKLINE,Brookline
,360,25021401200,46,BROOKLINE,Brookline
,361,25011041502,47,BUCKLAND,Buckland
,362,25017332100,48,BURLINGTON,Burlington
,363,25017332200,48,BURLINGTON,Burlington
,364,25017332300,48,BURLINGTON,Burlington
,365,25017332400,48,BURLINGTON,Burlington
,366,25017352101,49,CAMBRIDGE,Cambridge
,367,25017352102,49,CAMBRIDGE,Cambridge
,368,25017352200,49,CAMBRIDGE,Cambridge
,369,25017352300,49,CAMBRIDGE,Cambridge
,370,25017352400,49,CAMBRIDGE,Cambridge
,371,25017352500,49,CAMBRIDGE,Cambridge
,372,25017352600,49,CAMBRIDGE,Cambridge
,373,25017352700,49,CAMBRIDGE,Cambridge
,374,25017352800,49,CAMBRIDGE,Cambridge
,375,25017352900,49,CAMBRIDGE,Cambridge
,376,25017353000,49,CAMBRIDGE,Cambridge
,377,25017353101,49,CAMBRIDGE,Cambridge
,378,25017353102,49,CAMBRIDGE,Cambridge
,379,25017353200,49,CAMBRIDGE,Cambridge
,380,25017353300,49,CAMBRIDGE,Cambridge
,381,25017353400,49,CAMBRIDGE,Cambridge
,382,25017353500,49,CAMBRIDGE,Cambridge
,383,25017353600,49,CAMBRIDGE,Cambridge
,384,25017353700,49,CAMBRIDGE,Cambridge
,385,25017353800,49,CAMBRIDGE,Cambridge
,386,25017353900,49,CAMBRIDGE,Cambridge
,387,25017354000,49,CAMBRIDGE,Cambridge
,388,25017354100,49,CAMBRIDGE,Cambridge
,389,25017354200,49,CAMBRIDGE,Cambridge
,390,25017354300,49,CAMBRIDGE,Cambridge
,391,25017354400,49,CAMBRIDGE,Cambridge
,392,25017354500,49,CAMBRIDGE,Cambridge
,393,25017354600,49,CAMBRIDGE,Cambridge
,394,25017354700,49,CAMBRIDGE,Cambridge
,395,25017354800,49,CAMBRIDGE,Cambridge
,396,25017354900,49,CAMBRIDGE,Cambridge
,397,25017355000,49,CAMBRIDGE,Cambridge
,398,25021415101,50,CANTON,Canton
,399,25021415102,50,CANTON,Canton
,400,25021415200,50,CANTON,Canton
,401,25021415300,50,CANTON,Canton
,402,25017362100,51,CARLISLE,Carlisle
,403,25023544100,52,CARVER,Carver
,404,25023544200,52,CARVER,Carver
,405,25011040100,53,CHARLEMONT,Charlemont
,406,25027756101,54,CHARLTON,Charlton
,407,25027756102,54,CHARLTON,Charlton
,408,25001010600,55,CHATHAM,Chatham
,409,25001010700,55,CHATHAM,Chatham
,410,25017317101,56,CHELMSFORD,Chelmsford
,411,25017317102,56,CHELMSFORD,Chelmsford
,412,25017317103,56,CHELMSFORD,Chelmsford
,413,25017317201,56,CHELMSFORD,Chelmsford
,414,25017317202,56,CHELMSFORD,Chelmsford
,415,25017317203,56,CHELMSFORD,Chelmsford
,416,25017317301,56,CHELMSFORD,Chelmsford
,417,25017317302,56,CHELMSFORD,Chelmsford
,418,25025160101,57,CHELSEA,Chelsea
,419,25025160200,57,CHELSEA,Chelsea
,420,25025160300,57,CHELSEA,Chelsea
,421,25025160400,57,CHELSEA,Chelsea
,422,25025160501,57,CHELSEA,Chelsea
,423,25025160502,57,CHELSEA,Chelsea
,424,25025160601,57,CHELSEA,Chelsea
,425,25025160602,57,CHELSEA,Chelsea
,426,25003923100,58,CHESHIRE,Cheshire
,427,25013813000,59,CHESTER,Chester
,428,25015822605,60,CHESTERFIELD,Chesterfield
,429,25013810601,61,CHICOPEE,Chicopee
,430,25013810602,61,CHICOPEE,Chicopee
,431,25013810700,61,CHICOPEE,Chicopee
,432,25013810800,61,CHICOPEE,Chicopee
,433,25013810901,61,CHICOPEE,Chicopee
,434,25013810902,61,CHICOPEE,Chicopee
,435,25013811000,61,CHICOPEE,Chicopee
,436,25013811101,61,CHICOPEE,Chicopee
,437,25013811102,61,CHICOPEE,Chicopee
,438,25013811200,61,CHICOPEE,Chicopee
,439,25013811301,61,CHICOPEE,Chicopee
,440,25013811302,61,CHICOPEE,Chicopee
,441,25007200400,62,CHILMARK,Chilmark
,442,25003931100,63,CLARKSBURG,Clarksburg
,443,25027716100,64,CLINTON,Clinton
,444,25027716200,64,CLINTON,Clinton
,445,25027716300,64,CLINTON,Clinton
,446,25021423100,65,COHASSET,Cohasset
,447,25011040100,66,COLRAIN,Colrain
,448,25017361100,67,CONCORD,Concord
,449,25017361200,67,CONCORD,Concord
,450,25017361300,67,CONCORD,Concord
,451,25011041501,68,CONWAY,Conway
,452,25015822700,69,CUMMINGTON,Cummington
,453,25003912100,70,DALTON,Dalton
,454,25009211100,71,DANVERS,Danvers
,455,25009211200,71,DANVERS,Danvers
,456,25009211300,71,DANVERS,Danvers
,457,25009211401,71,DANVERS,Danvers
,458,25009211402,71,DANVERS,Danvers
,459,25005653101,72,DARTMOUTH,Dartmouth
,460,25005653102,72,DARTMOUTH,Dartmouth
,461,25005653203,72,DARTMOUTH,Dartmouth
,462,25005653204,72,DARTMOUTH,Dartmouth
,463,25005653301,72,DARTMOUTH,Dartmouth
,464,25005653304,72,DARTMOUTH,Dartmouth
,465,25005985500,72,DARTMOUTH,Dartmouth
,466,25021402101,73,DEDHAM,Dedham
,467,25021402102,73,DEDHAM,Dedham
,468,25021402200,73,DEDHAM,Dedham
,469,25021402300,73,DEDHAM,Dedham
,470,25021402400,73,DEDHAM,Dedham
,471,25021402500,73,DEDHAM,Dedham
,472,25011040900,74,DEERFIELD,Deerfield
,473,25001011300,75,DENNIS,Dennis
,474,25001011400,75,DENNIS,Dennis
,475,25001011500,75,DENNIS,Dennis
,476,25001011600,75,DENNIS,Dennis
,477,25001011700,75,DENNIS,Dennis
,478,25005615100,76,DIGHTON,Dighton
,479,25027752100,77,DOUGLAS,Douglas
,480,25021405100,78,DOVER,Dover
,481,25017314101,79,DRACUT,Dracut
,482,25017314102,79,DRACUT,Dracut
,483,25017314200,79,DRACUT,Dracut
,484,25017314301,79,DRACUT,Dracut
,485,25017314302,79,DRACUT,Dracut
,486,25027755100,80,DUDLEY,Dudley
,487,25027755200,80,DUDLEY,Dudley
,488,25017328100,81,DUNSTABLE,Dunstable
,489,25023507101,82,DUXBURY,Duxbury
,490,25023507103,82,DUXBURY,Duxbury
,491,25023507104,82,DUXBURY,Duxbury
,492,25023523100,83,EAST BRIDGEWATER,East Bridgewater
,493,25023523201,83,EAST BRIDGEWATER,East Bridgewater
,494,25023523202,83,EAST BRIDGEWATER,East Bridgewater
,495,25027759100,84,EAST BROOKFIELD,East Brookfield
,496,25013813401,85,EAST LONGMEADOW,East Longmeadow
,497,25013813403,85,EAST LONGMEADOW,East Longmeadow
,498,25013813404,85,EAST LONGMEADOW,East Longmeadow
,499,25001010304,86,EASTHAM,Eastham
,500,25001010306,86,EASTHAM,Eastham
,501,25015822300,87,EASTHAMPTON,Easthampton
,502,25015822401,87,EASTHAMPTON,Easthampton
,503,25015822402,87,EASTHAMPTON,Easthampton
,504,25005600100,88,EASTON,Easton
,505,25005600202,88,EASTON,Easton
,506,25005600203,88,EASTON,Easton
,507,25005600204,88,EASTON,Easton
,508,25005985600,88,EASTON,Easton
,509,25007200300,89,EDGARTOWN,Edgartown
,510,25003934300,90,EGREMONT,Egremont
,511,25011040400,91,ERVING,Erving
,512,25009222100,92,ESSEX,Essex
,513,25017342101,93,EVERETT,Everett
,514,25017342102,93,EVERETT,Everett
,515,25017342201,93,EVERETT,Everett
,516,25017342202,93,EVERETT,Everett
,517,25017342300,93,EVERETT,Everett
,518,25017342400,93,EVERETT,Everett
,519,25017342500,93,EVERETT,Everett
,520,25017342600,93,EVERETT,Everett
,521,25005655100,94,FAIRHAVEN,Fairhaven
,522,25005655200,94,FAIRHAVEN,Fairhaven
,523,25005655300,94,FAIRHAVEN,Fairhaven
,524,25005655400,94,FAIRHAVEN,Fairhaven
,525,25005640100,95,FALL RIVER,Fall River
,526,25005640200,95,FALL RIVER,Fall River
,527,25005640300,95,FALL RIVER,Fall River
,528,25005640400,95,FALL RIVER,Fall River
,529,25005640500,95,FALL RIVER,Fall River
,530,25005640600,95,FALL RIVER,Fall River
,531,25005640700,95,FALL RIVER,Fall River
,532,25005640800,95,FALL RIVER,Fall River
,533,25005640901,95,FALL RIVER,Fall River
,534,25005641000,95,FALL RIVER,Fall River
,535,25005641101,95,FALL RIVER,Fall River
,536,25005641200,95,FALL RIVER,Fall River
,537,25005641300,95,FALL RIVER,Fall River
,538,25005641400,95,FALL RIVER,Fall River
,539,25005641500,95,FALL RIVER,Fall River
,540,25005641600,95,FALL RIVER,Fall River
,541,25005641700,95,FALL RIVER,Fall River
,542,25005641800,95,FALL RIVER,Fall River
,543,25005641900,95,FALL RIVER,Fall River
,544,25005642000,95,FALL RIVER,Fall River
,545,25005642100,95,FALL RIVER,Fall River
,546,25005642200,95,FALL RIVER,Fall River
,547,25005642300,95,FALL RIVER,Fall River
,548,25005642400,95,FALL RIVER,Fall River
,549,25005642500,95,FALL RIVER,Fall River
,550,25001014300,96,FALMOUTH,Falmouth
,551,25001014402,96,FALMOUTH,Falmouth
,552,25001014500,96,FALMOUTH,Falmouth
,553,25001014600,96,FALMOUTH,Falmouth
,554,25001014700,96,FALMOUTH,Falmouth
,555,25001014800,96,FALMOUTH,Falmouth
,556,25001014900,96,FALMOUTH,Falmouth
,557,25027710100,97,FITCHBURG,Fitchburg
,558,25027710200,97,FITCHBURG,Fitchburg
,559,25027710300,97,FITCHBURG,Fitchburg
,560,25027710400,97,FITCHBURG,Fitchburg
,561,25027710500,97,FITCHBURG,Fitchburg
,562,25027710600,97,FITCHBURG,Fitchburg
,563,25027710700,97,FITCHBURG,Fitchburg
,564,25027710800,97,FITCHBURG,Fitchburg
,565,25027711000,97,FITCHBURG,Fitchburg
,566,25027711100,97,FITCHBURG,Fitchburg
,567,25003931300,98,FLORIDA,Florida
,568,25021410100,99,FOXBOROUGH,Foxborough
,569,25021410300,99,FOXBOROUGH,Foxborough
,570,25021410400,99,FOXBOROUGH,Foxborough
,571,25017383101,100,FRAMINGHAM,Framingham
,572,25017383102,100,FRAMINGHAM,Framingham
,573,25017383200,100,FRAMINGHAM,Framingham
,574,25017383300,100,FRAMINGHAM,Framingham
,575,25017383400,100,FRAMINGHAM,Framingham
,576,25017383501,100,FRAMINGHAM,Framingham
,577,25017383502,100,FRAMINGHAM,Framingham
,578,25017383600,100,FRAMINGHAM,Framingham
,579,25017383700,100,FRAMINGHAM,Framingham
,580,25017383800,100,FRAMINGHAM,Framingham
,581,25017383901,100,FRAMINGHAM,Framingham
,582,25017383902,100,FRAMINGHAM,Framingham
,583,25017384001,100,FRAMINGHAM,Framingham
,584,25017384002,100,FRAMINGHAM,Framingham
,585,25021442101,101,FRANKLIN,Franklin
,586,25021442102,101,FRANKLIN,Franklin
,587,25021442103,101,FRANKLIN,Franklin
,588,25021442201,101,FRANKLIN,Franklin
,589,25021442202,101,FRANKLIN,Franklin
,590,25005617101,102,FREETOWN,Freetown
,591,25005617102,102,FREETOWN,Freetown
,592,25027707100,103,GARDNER,Gardner
,593,25027707200,103,GARDNER,Gardner
,594,25027707300,103,GARDNER,Gardner
,595,25027707400,103,GARDNER,Gardner
,596,25027707500,103,GARDNER,Gardner
,597,25009265101,105,GEORGETOWN,Georgetown
,598,25009265102,105,GEORGETOWN,Georgetown
,599,25011040200,106,GILL,Gill
,600,25009221100,107,GLOUCESTER,Gloucester
,601,25009221300,107,GLOUCESTER,Gloucester
,602,25009221400,107,GLOUCESTER,Gloucester
,603,25009221500,107,GLOUCESTER,Gloucester
,604,25009221600,107,GLOUCESTER,Gloucester
,605,25009221700,107,GLOUCESTER,Gloucester
,606,25009221800,107,GLOUCESTER,Gloucester
,607,25009221901,107,GLOUCESTER,Gloucester
,608,25009221902,107,GLOUCESTER,Gloucester
,609,25015822606,108,GOSHEN,Goshen
,610,25007200400,109,GOSNOLD,Gosnold
,611,25027738100,110,GRAFTON,Grafton
,612,25027738201,110,GRAFTON,Grafton
,613,25027738202,110,GRAFTON,Grafton
,614,25027761300,110,GRAFTON,Grafton
,615,25015820900,111,GRANBY,Granby
,616,25013813000,112,GRANVILLE,Granville
,617,25003925100,113,GREAT BARRINGTON,Great Barrington
,618,25011041000,114,GREENFIELD,Greenfield
,619,25011041100,114,GREENFIELD,Greenfield
,620,25011041200,114,GREENFIELD,Greenfield
,621,25011041300,114,GREENFIELD,Greenfield
,622,25011041400,114,GREENFIELD,Greenfield
,623,25017326101,115,GROTON,Groton
,624,25017326102,115,GROTON,Groton
,625,25009264100,116,GROVELAND,Groveland
,626,25015821400,117,HADLEY,Hadley
,627,25023526100,118,HALIFAX,Halifax
,628,25009215101,119,HAMILTON,Hamilton
,629,25009215102,119,HAMILTON,Hamilton
,630,25013813500,120,HAMPDEN,Hampden
,631,25003935100,121,HANCOCK,Hancock
,632,25023503101,122,HANOVER,Hanover
,633,25023503102,122,HANOVER,Hanover
,634,25023522101,123,HANSON,Hanson
,635,25023522102,123,HANSON,Hanson
,636,25027723100,124,HARDWICK,Hardwick
,637,25027761400,125,HARVARD,Harvard
,638,25001011002,126,HARWICH,Harwich
,639,25001011100,126,HARWICH,Harwich
,640,25001011200,126,HARWICH,Harwich
,641,25015821500,127,HATFIELD,Hatfield
,642,25009260100,128,HAVERHILL,Haverhill
,643,25009260200,128,HAVERHILL,Haverhill
,644,25009260301,128,HAVERHILL,Haverhill
,645,25009260302,128,HAVERHILL,Haverhill
,646,25009260401,128,HAVERHILL,Haverhill
,647,25009260402,128,HAVERHILL,Haverhill
,648,25009260500,128,HAVERHILL,Haverhill
,649,25009260600,128,HAVERHILL,Haverhill
,650,25009260700,128,HAVERHILL,Haverhill
,651,25009260800,128,HAVERHILL,Haverhill
,652,25009260900,128,HAVERHILL,Haverhill
,653,25009261000,128,HAVERHILL,Haverhill
,654,25009261101,128,HAVERHILL,Haverhill
,655,25009261102,128,HAVERHILL,Haverhill
,656,25011040100,129,HAWLEY,Hawley
,657,25011040100,130,HEATH,Heath
,658,25023500104,131,HINGHAM,Hingham
,659,25023501101,131,HINGHAM,Hingham
,660,25023501102,131,HINGHAM,Hingham
,661,25023501201,131,HINGHAM,Hingham
,662,25023501202,131,HINGHAM,Hingham
,663,25003932300,132,HINSDALE,Hinsdale
,664,25021421100,133,HOLBROOK,Holbrook
,665,25021421200,133,HOLBROOK,Holbrook
,666,25027728100,134,HOLDEN,Holden
,667,25027728200,134,HOLDEN,Holden
,668,25027728300,134,HOLDEN,Holden
,669,25027728400,134,HOLDEN,Holden
,670,25013813801,135,HOLLAND,Holland
,671,25017387100,136,HOLLISTON,Holliston
,672,25017387201,136,HOLLISTON,Holliston
,673,25017387202,136,HOLLISTON,Holliston
,674,25013811400,137,HOLYOKE,Holyoke
,675,25013811500,137,HOLYOKE,Holyoke
,676,25013811600,137,HOLYOKE,Holyoke
,677,25013811700,137,HOLYOKE,Holyoke
,678,25013811800,137,HOLYOKE,Holyoke
,679,25013811900,137,HOLYOKE,Holyoke
,680,25013812001,137,HOLYOKE,Holyoke
,681,25013812002,137,HOLYOKE,Holyoke
,682,25013812101,137,HOLYOKE,Holyoke
,683,25013812103,137,HOLYOKE,Holyoke
,684,25013812104,137,HOLYOKE,Holyoke
,685,25027745100,138,HOPEDALE,Hopedale
,686,25017320102,139,HOPKINTON,Hopkinton
,687,25017320103,139,HOPKINTON,Hopkinton
,688,25017320104,139,HOPKINTON,Hopkinton
,689,25027706100,140,HUBBARDSTON,Hubbardston
,690,25017322100,141,HUDSON,Hudson
,691,25017322200,141,HUDSON,Hudson
,692,25017322300,141,HUDSON,Hudson
,693,25017322400,141,HUDSON,Hudson
,694,25023500101,142,HULL,Hull
,695,25023500103,142,HULL,Hull
,696,25023500104,142,HULL,Hull
,697,25015822601,143,HUNTINGTON,Huntington
,698,25009223100,144,IPSWICH,Ipswich
,699,25009223200,144,IPSWICH,Ipswich
,700,25009223300,144,IPSWICH,Ipswich
,701,25023509101,145,KINGSTON,Kingston
,702,25023509102,145,KINGSTON,Kingston
,703,25023540101,146,LAKEVILLE,Lakeville
,704,25023540102,146,LAKEVILLE,Lakeville
,705,25023540103,146,LAKEVILLE,Lakeville
,706,25027713100,147,LANCASTER,Lancaster
,707,25003911100,148,LANESBOROUGH,Lanesborough
,708,25009250100,149,LAWRENCE,Lawrence
,709,25009250200,149,LAWRENCE,Lawrence
,710,25009250300,149,LAWRENCE,Lawrence
,711,25009250400,149,LAWRENCE,Lawrence
,712,25009250500,149,LAWRENCE,Lawrence
,713,25009250600,149,LAWRENCE,Lawrence
,714,25009250700,149,LAWRENCE,Lawrence
,715,25009250800,149,LAWRENCE,Lawrence
,716,25009250900,149,LAWRENCE,Lawrence
,717,25009251000,149,LAWRENCE,Lawrence
,718,25009251100,149,LAWRENCE,Lawrence
,719,25009251200,149,LAWRENCE,Lawrence
,720,25009251300,149,LAWRENCE,Lawrence
,721,25009251400,149,LAWRENCE,Lawrence
,722,25009251500,149,LAWRENCE,Lawrence
,723,25009251600,149,LAWRENCE,Lawrence
,724,25009251700,149,LAWRENCE,Lawrence
,725,25009251800,149,LAWRENCE,Lawrence
,726,25003914100,150,LEE,Lee
,727,25027735100,151,LEICESTER,Leicester
,728,25027735200,151,LEICESTER,Leicester
,729,25003913100,152,LENOX,Lenox
,730,25027709100,153,LEOMINSTER,Leominster
,731,25027709201,153,LEOMINSTER,Leominster
,732,25027709202,153,LEOMINSTER,Leominster
,733,25027709400,153,LEOMINSTER,Leominster
,734,25027709501,153,LEOMINSTER,Leominster
,735,25027709502,153,LEOMINSTER,Leominster
,736,25027709600,153,LEOMINSTER,Leominster
,737,25027709701,153,LEOMINSTER,Leominster
,738,25027709702,153,LEOMINSTER,Leominster
,739,25011040600,154,LEVERETT,Leverett
,740,25017358100,155,LEXINGTON,Lexington
,741,25017358300,155,LEXINGTON,Lexington
,742,25017358400,155,LEXINGTON,Lexington
,743,25017358500,155,LEXINGTON,Lexington
,744,25017358600,155,LEXINGTON,Lexington
,745,25017358700,155,LEXINGTON,Lexington
,746,25011040200,156,LEYDEN,Leyden
,747,25017360100,157,LINCOLN,Lincoln
,748,25017360200,157,LINCOLN,Lincoln
,749,25017324101,158,LITTLETON,Littleton
,750,25017324102,158,LITTLETON,Littleton
,751,25013813301,159,LONGMEADOW,Longmeadow
,752,25013813303,159,LONGMEADOW,Longmeadow
,753,25013813304,159,LONGMEADOW,Longmeadow
,754,25017310100,160,LOWELL,Lowell
,755,25017310200,160,LOWELL,Lowell
,756,25017310300,160,LOWELL,Lowell
,757,25017310400,160,LOWELL,Lowell
,758,25017310500,160,LOWELL,Lowell
,759,25017310601,160,LOWELL,Lowell
,760,25017310602,160,LOWELL,Lowell
,761,25017310700,160,LOWELL,Lowell
,762,25017311100,160,LOWELL,Lowell
,763,25017311200,160,LOWELL,Lowell
,764,25017311300,160,LOWELL,Lowell
,765,25017311400,160,LOWELL,Lowell
,766,25017311500,160,LOWELL,Lowell
,767,25017311600,160,LOWELL,Lowell
,768,25017311700,160,LOWELL,Lowell
,769,25017311800,160,LOWELL,Lowell
,770,25017311900,160,LOWELL,Lowell
,771,25017312000,160,LOWELL,Lowell
,772,25017312100,160,LOWELL,Lowell
,773,25017312200,160,LOWELL,Lowell
,774,25017312300,160,LOWELL,Lowell
,775,25017312400,160,LOWELL,Lowell
,776,25017312501,160,LOWELL,Lowell
,777,25017312502,160,LOWELL,Lowell
,778,25017388300,160,LOWELL,Lowell
,779,25013810403,161,LUDLOW,Ludlow
,780,25013810404,161,LUDLOW,Ludlow
,781,25013810412,161,LUDLOW,Ludlow
,782,25013810414,161,LUDLOW,Ludlow
,783,25027712101,162,LUNENBURG,Lunenburg
,784,25027712102,162,LUNENBURG,Lunenburg
,785,25009205100,163,LYNN,Lynn
,786,25009205200,163,LYNN,Lynn
,787,25009205300,163,LYNN,Lynn
,788,25009205400,163,LYNN,Lynn
,789,25009205500,163,LYNN,Lynn
,790,25009205600,163,LYNN,Lynn
,791,25009205700,163,LYNN,Lynn
,792,25009205800,163,LYNN,Lynn
,793,25009205900,163,LYNN,Lynn
,794,25009206000,163,LYNN,Lynn
,795,25009206100,163,LYNN,Lynn
,796,25009206200,163,LYNN,Lynn
,797,25009206300,163,LYNN,Lynn
,798,25009206400,163,LYNN,Lynn
,799,25009206500,163,LYNN,Lynn
,800,25009206600,163,LYNN,Lynn
,801,25009206700,163,LYNN,Lynn
,802,25009206800,163,LYNN,Lynn
,803,25009206900,163,LYNN,Lynn
,804,25009207000,163,LYNN,Lynn
,805,25009207100,163,LYNN,Lynn
,806,25009207200,163,LYNN,Lynn
,807,25009209100,164,LYNNFIELD,Lynnfield
,808,25009209200,164,LYNNFIELD,Lynnfield
,809,25017341101,165,MALDEN,Malden
,810,25017341102,165,MALDEN,Malden
,811,25017341200,165,MALDEN,Malden
,812,25017341300,165,MALDEN,Malden
,813,25017341400,165,MALDEN,Malden
,814,25017341500,165,MALDEN,Malden
,815,25017341600,165,MALDEN,Malden
,816,25017341700,165,MALDEN,Malden
,817,25017341800,165,MALDEN,Malden
,818,25017341901,165,MALDEN,Malden
,819,25017341902,165,MALDEN,Malden
,820,25009218100,166,MANCHESTER,Manchester
,821,25005610100,167,MANSFIELD,Mansfield
,822,25005610202,167,MANSFIELD,Mansfield
,823,25005610203,167,MANSFIELD,Mansfield
,824,25005610204,167,MANSFIELD,Mansfield
,825,25009203100,168,MARBLEHEAD,Marblehead
,826,25009203200,168,MARBLEHEAD,Marblehead
,827,25009203301,168,MARBLEHEAD,Marblehead
,828,25009203302,168,MARBLEHEAD,Marblehead
,829,25023561100,169,MARION,Marion
,830,25017321100,170,MARLBOROUGH,Marlborough
,831,25017321200,170,MARLBOROUGH,Marlborough
,832,25017321300,170,MARLBOROUGH,Marlborough
,833,25017321400,170,MARLBOROUGH,Marlborough
,834,25017321500,170,MARLBOROUGH,Marlborough
,835,25017321600,170,MARLBOROUGH,Marlborough
,836,25023506101,171,MARSHFIELD,Marshfield
,837,25023506102,171,MARSHFIELD,Marshfield
,838,25023506202,171,MARSHFIELD,Marshfield
,839,25023506203,171,MARSHFIELD,Marshfield
,840,25023506204,171,MARSHFIELD,Marshfield
,841,25001014100,172,MASHPEE,Mashpee
,842,25001015001,172,MASHPEE,Mashpee
,843,25001015002,172,MASHPEE,Mashpee
,844,25001015100,172,MASHPEE,Mashpee
,845,25001015200,172,MASHPEE,Mashpee
,846,25023560100,173,MATTAPOISETT,Mattapoisett
,847,25017364101,174,MAYNARD,Maynard
,848,25017364102,174,MAYNARD,Maynard
,849,25021406101,175,MEDFIELD,Medfield
,850,25021406102,175,MEDFIELD,Medfield
,851,25017339100,176,MEDFORD,Medford
,852,25017339200,176,MEDFORD,Medford
,853,25017339300,176,MEDFORD,Medford
,854,25017339400,176,MEDFORD,Medford
,855,25017339500,176,MEDFORD,Medford
,856,25017339600,176,MEDFORD,Medford
,857,25017339700,176,MEDFORD,Medford
,858,25017339801,176,MEDFORD,Medford
,859,25017339802,176,MEDFORD,Medford
,860,25017339900,176,MEDFORD,Medford
,861,25017340000,176,MEDFORD,Medford
,862,25017340100,176,MEDFORD,Medford
,863,25021408101,177,MEDWAY,Medway
,864,25021408102,177,MEDWAY,Medway
,865,25017336100,178,MELROSE,Melrose
,866,25017336200,178,MELROSE,Melrose
,867,25017336300,178,MELROSE,Melrose
,868,25017336401,178,MELROSE,Melrose
,869,25017336402,178,MELROSE,Melrose
,870,25027746100,179,MENDON,Mendon
,871,25009262100,180,MERRIMAC,Merrimac
,872,25009252101,181,METHUEN,Methuen
,873,25009252102,181,METHUEN,Methuen
,874,25009252201,181,METHUEN,Methuen
,875,25009252202,181,METHUEN,Methuen
,876,25009252300,181,METHUEN,Methuen
,877,25009252400,181,METHUEN,Methuen
,878,25009252501,181,METHUEN,Methuen
,879,25009252502,181,METHUEN,Methuen
,880,25009252601,181,METHUEN,Methuen
,881,25009252602,181,METHUEN,Methuen
,882,25009252603,181,METHUEN,Methuen
,883,25023542101,182,MIDDLEBOROUGH,Middleborough
,884,25023542102,182,MIDDLEBOROUGH,Middleborough
,885,25023542200,182,MIDDLEBOROUGH,Middleborough
,886,25023542300,182,MIDDLEBOROUGH,Middleborough
,887,25015822700,183,MIDDLEFIELD,Middlefield
,888,25009212100,184,MIDDLETON,Middleton
,889,25027744101,185,MILFORD,Milford
,890,25027744102,185,MILFORD,Milford
,891,25027744200,185,MILFORD,Milford
,892,25027744300,185,MILFORD,Milford
,893,25027744400,185,MILFORD,Milford
,894,25027737100,186,MILLBURY,Millbury
,895,25027737200,186,MILLBURY,Millbury
,896,25027737300,186,MILLBURY,Millbury
,897,25021407100,187,MILLIS,Millis
,898,25027748100,188,MILLVILLE,Millville
,899,25021416101,189,MILTON,Milton
,900,25021416102,189,MILTON,Milton
,901,25021416200,189,MILTON,Milton
,902,25021416300,189,MILTON,Milton
,903,25021416400,189,MILTON,Milton
,904,25011040100,190,MONROE,Monroe
,905,25013813701,191,MONSON,Monson
,906,25013813702,191,MONSON,Monson
,907,25011040701,192,MONTAGUE,Montague
,908,25011040702,192,MONTAGUE,Montague
,909,25003933200,193,MONTEREY,Monterey
,910,25013813000,194,MONTGOMERY,Montgomery
,911,25003934300,195,MOUNT WASHINGTON,Mount Washington
,912,25009201100,196,NAHANT,Nahant
,913,25019950100,197,NANTUCKET,Nantucket
,914,25019950200,197,NANTUCKET,Nantucket
,915,25019950307,197,NANTUCKET,Nantucket
,916,25019950400,197,NANTUCKET,Nantucket
,917,25019950500,197,NANTUCKET,Nantucket
,918,25017382100,198,NATICK,Natick
,919,25017382200,198,NATICK,Natick
,920,25017382300,198,NATICK,Natick
,921,25017382400,198,NATICK,Natick
,922,25017382500,198,NATICK,Natick
,923,25017382601,198,NATICK,Natick
,924,25017382602,198,NATICK,Natick
,925,25021403100,199,NEEDHAM,Needham
,926,25021403300,199,NEEDHAM,Needham
,927,25021403400,199,NEEDHAM,Needham
,928,25021403500,199,NEEDHAM,Needham
,929,25021457200,199,NEEDHAM,Needham
,930,25003935100,200,NEW ASHFORD,New Ashford
,931,25005650101,201,NEW BEDFORD,New Bedford
,932,25005650102,201,NEW BEDFORD,New Bedford
,933,25005650201,201,NEW BEDFORD,New Bedford
,934,25005650202,201,NEW BEDFORD,New Bedford
,935,25005650300,201,NEW BEDFORD,New Bedford
,936,25005650400,201,NEW BEDFORD,New Bedford
,937,25005650500,201,NEW BEDFORD,New Bedford
,938,25005650600,201,NEW BEDFORD,New Bedford
,939,25005650700,201,NEW BEDFORD,New Bedford
,940,25005650800,201,NEW BEDFORD,New Bedford
,941,25005650900,201,NEW BEDFORD,New Bedford
,942,25005651001,201,NEW BEDFORD,New Bedford
,943,25005651002,201,NEW BEDFORD,New Bedford
,944,25005651100,201,NEW BEDFORD,New Bedford
,945,25005651200,201,NEW BEDFORD,New Bedford
,946,25005651300,201,NEW BEDFORD,New Bedford
,947,25005651400,201,NEW BEDFORD,New Bedford
,948,25005651500,201,NEW BEDFORD,New Bedford
,949,25005651600,201,NEW BEDFORD,New Bedford
,950,25005651700,201,NEW BEDFORD,New Bedford
,951,25005651800,201,NEW BEDFORD,New Bedford
,952,25005651900,201,NEW BEDFORD,New Bedford
,953,25005652000,201,NEW BEDFORD,New Bedford
,954,25005652100,201,NEW BEDFORD,New Bedford
,955,25005652200,201,NEW BEDFORD,New Bedford
,956,25005652300,201,NEW BEDFORD,New Bedford
,957,25005652400,201,NEW BEDFORD,New Bedford
,958,25005652500,201,NEW BEDFORD,New Bedford
,959,25005652600,201,NEW BEDFORD,New Bedford
,960,25005652700,201,NEW BEDFORD,New Bedford
,961,25005652800,201,NEW BEDFORD,New Bedford
,962,25027723100,202,NEW BRAINTREE,New Braintree
,963,25003933300,203,NEW MARLBOROUGH,New Marlborough
,964,25011040600,204,NEW SALEM,New Salem
,965,25009269100,205,NEWBURY,Newbury
,966,25009268100,206,NEWBURYPORT,Newburyport
,967,25009268200,206,NEWBURYPORT,Newburyport
,968,25009268300,206,NEWBURYPORT,Newburyport
,969,25009268400,206,NEWBURYPORT,Newburyport
,970,25017373100,207,NEWTON,Newton
,971,25017373200,207,NEWTON,Newton
,972,25017373300,207,NEWTON,Newton
,973,25017373400,207,NEWTON,Newton
,974,25017373500,207,NEWTON,Newton
,975,25017373600,207,NEWTON,Newton
,976,25017373700,207,NEWTON,Newton
,977,25017373800,207,NEWTON,Newton
,978,25017373900,207,NEWTON,Newton
,979,25017374000,207,NEWTON,Newton
,980,25017374100,207,NEWTON,Newton
,981,25017374200,207,NEWTON,Newton
,982,25017374300,207,NEWTON,Newton
,983,25017374400,207,NEWTON,Newton
,984,25017374500,207,NEWTON,Newton
,985,25017374600,207,NEWTON,Newton
,986,25017374700,207,NEWTON,Newton
,987,25017374800,207,NEWTON,Newton
,988,25021409101,208,NORFOLK,Norfolk
,989,25021409102,208,NORFOLK,Norfolk
,990,25003921300,209,NORTH ADAMS,North Adams
,991,25003921400,209,NORTH ADAMS,North Adams
,992,25003921500,209,NORTH ADAMS,North Adams
,993,25003935300,209,NORTH ADAMS,North Adams
,994,25009253100,210,NORTH ANDOVER,North Andover
,995,25009253201,210,NORTH ANDOVER,North Andover
,996,25009253202,210,NORTH ANDOVER,North Andover
,997,25009253203,210,NORTH ANDOVER,North Andover
,998,25009253204,210,NORTH ANDOVER,North Andover
,999,25009253205,210,NORTH ANDOVER,North Andover
,1000,25005630101,211,NORTH ATTLEBOROUGH,North Attleborough
,1001,25005630102,211,NORTH ATTLEBOROUGH,North Attleborough
,1002,25005630200,211,NORTH ATTLEBOROUGH,North Attleborough
,1003,25005630300,211,NORTH ATTLEBOROUGH,North Attleborough
,1004,25005630400,211,NORTH ATTLEBOROUGH,North Attleborough
,1005,25027725100,212,NORTH BROOKFIELD,North Brookfield
,1006,25017330100,213,NORTH READING,North Reading
,1007,25017330200,213,NORTH READING,North Reading
,1008,25015821601,214,NORTHAMPTON,Northampton
,1009,25015821602,214,NORTHAMPTON,Northampton
,1010,25015821700,214,NORTHAMPTON,Northampton
,1011,25015821901,214,NORTHAMPTON,Northampton
,1012,25015821903,214,NORTHAMPTON,Northampton
,1013,25015821904,214,NORTHAMPTON,Northampton
,1014,25015822000,214,NORTHAMPTON,Northampton
,1015,25015822200,214,NORTHAMPTON,Northampton
,1016,25027740101,215,NORTHBOROUGH,Northborough
,1017,25027740102,215,NORTHBOROUGH,Northborough
,1018,25027740200,215,NORTHBOROUGH,Northborough
,1019,25027750100,216,NORTHBRIDGE,Northbridge
,1020,25027750200,216,NORTHBRIDGE,Northbridge
,1021,25027750300,216,NORTHBRIDGE,Northbridge
,1022,25011040300,217,NORTHFIELD,Northfield
,1023,25005611101,218,NORTON,Norton
,1024,25005611102,218,NORTON,Norton
,1025,25005611201,218,NORTON,Norton
,1026,25005611202,218,NORTON,Norton
,1027,25023504101,219,NORWELL,Norwell
,1028,25023504102,219,NORWELL,Norwell
,1029,25021413100,220,NORWOOD,Norwood
,1030,25021413200,220,NORWOOD,Norwood
,1031,25021413300,220,NORWOOD,Norwood
,1032,25021413401,220,NORWOOD,Norwood
,1033,25021413402,220,NORWOOD,Norwood
,1034,25021413500,220,NORWOOD,Norwood
,1035,25007200200,221,OAK BLUFFS,Oak Bluffs
,1036,25027721101,222,OAKHAM,Oakham
,1037,25011040501,223,ORANGE,Orange
,1038,25011040502,223,ORANGE,Orange
,1039,25001010400,224,ORLEANS,Orleans
,1040,25001010500,224,ORLEANS,Orleans
,1041,25003933400,225,OTIS,Otis
,1042,25027753100,226,OXFORD,Oxford
,1043,25027753200,226,OXFORD,Oxford
,1044,25013810100,227,PALMER,Palmer
,1045,25013810200,227,PALMER,Palmer
,1046,25013810300,227,PALMER,Palmer
,1047,25027727100,228,PAXTON,Paxton
,1048,25009210100,229,PEABODY,Peabody
,1049,25009210200,229,PEABODY,Peabody
,1050,25009210300,229,PEABODY,Peabody
,1051,25009210400,229,PEABODY,Peabody
,1052,25009210500,229,PEABODY,Peabody
,1053,25009210600,229,PEABODY,Peabody
,1054,25009210700,229,PEABODY,Peabody
,1055,25009210800,229,PEABODY,Peabody
,1056,25009210900,229,PEABODY,Peabody
,1057,25015820202,230,PELHAM,Pelham
,1058,25023508101,231,PEMBROKE,Pembroke
,1059,25023508102,231,PEMBROKE,Pembroke
,1060,25023508200,231,PEMBROKE,Pembroke
,1061,25017327101,232,PEPPERELL,Pepperell
,1062,25017327102,232,PEPPERELL,Pepperell
,1063,25017327103,232,PEPPERELL,Pepperell
,1064,25003931400,233,PERU,Peru
,1065,25027704200,234,PETERSHAM,Petersham
,1066,25027704200,235,PHILLIPSTON,Phillipston
,1067,25003900100,236,PITTSFIELD,Pittsfield
,1068,25003900200,236,PITTSFIELD,Pittsfield
,1069,25003900300,236,PITTSFIELD,Pittsfield
,1070,25003900400,236,PITTSFIELD,Pittsfield
,1071,25003900500,236,PITTSFIELD,Pittsfield
,1072,25003900600,236,PITTSFIELD,Pittsfield
,1073,25003900700,236,PITTSFIELD,Pittsfield
,1074,25003900800,236,PITTSFIELD,Pittsfield
,1075,25003900900,236,PITTSFIELD,Pittsfield
,1076,25003901100,236,PITTSFIELD,Pittsfield
,1077,25003935200,236,PITTSFIELD,Pittsfield
,1078,25015822700,237,PLAINFIELD,Plainfield
,1079,25021440100,238,PLAINVILLE,Plainville
,1080,25023530100,239,PLYMOUTH,Plymouth
,1081,25023530200,239,PLYMOUTH,Plymouth
,1082,25023530300,239,PLYMOUTH,Plymouth
,1083,25023530400,239,PLYMOUTH,Plymouth
,1084,25023530500,239,PLYMOUTH,Plymouth
,1085,25023530600,239,PLYMOUTH,Plymouth
,1086,25023530700,239,PLYMOUTH,Plymouth
,1087,25023530801,239,PLYMOUTH,Plymouth
,1088,25023530802,239,PLYMOUTH,Plymouth
,1089,25023530901,239,PLYMOUTH,Plymouth
,1090,25023530902,239,PLYMOUTH,Plymouth
,1091,25023543100,240,PLYMPTON,Plympton
,1092,25027720100,241,PRINCETON,Princeton
,1093,25001010100,242,PROVINCETOWN,Provincetown
,1094,25021417100,243,QUINCY,Quincy
,1095,25021417200,243,QUINCY,Quincy
,1096,25021417300,243,QUINCY,Quincy
,1097,25021417400,243,QUINCY,Quincy
,1098,25021417501,243,QUINCY,Quincy
,1099,25021417502,243,QUINCY,Quincy
,1100,25021417601,243,QUINCY,Quincy
,1101,25021417602,243,QUINCY,Quincy
,1102,25021417701,243,QUINCY,Quincy
,1103,25021417702,243,QUINCY,Quincy
,1104,25021417801,243,QUINCY,Quincy
,1105,25021417802,243,QUINCY,Quincy
,1106,25021417901,243,QUINCY,Quincy
,1107,25021417902,243,QUINCY,Quincy
,1108,25021418002,243,QUINCY,Quincy
,1109,25021418003,243,QUINCY,Quincy
,1110,25021418004,243,QUINCY,Quincy
,1111,25021418101,243,QUINCY,Quincy
,1112,25021418102,243,QUINCY,Quincy
,1113,25021418200,243,QUINCY,Quincy
,1114,25021420100,244,RANDOLPH,Randolph
,1115,25021420201,244,RANDOLPH,Randolph
,1116,25021420202,244,RANDOLPH,Randolph
,1117,25021420301,244,RANDOLPH,Randolph
,1118,25021420302,244,RANDOLPH,Randolph
,1119,25005612100,245,RAYNHAM,Raynham
,1120,25005612200,245,RAYNHAM,Raynham
,1121,25017334100,246,READING,Reading
,1122,25017334200,246,READING,Reading
,1123,25017334300,246,READING,Reading
,1124,25017334400,246,READING,Reading
,1125,25005633100,247,REHOBOTH,Rehoboth
,1126,25005633200,247,REHOBOTH,Rehoboth
,1127,25025170100,248,REVERE,Revere
,1128,25025170200,248,REVERE,Revere
,1129,25025170300,248,REVERE,Revere
,1130,25025170400,248,REVERE,Revere
,1131,25025170501,248,REVERE,Revere
,1132,25025170502,248,REVERE,Revere
,1133,25025170601,248,REVERE,Revere
,1134,25025170701,248,REVERE,Revere
,1135,25025170702,248,REVERE,Revere
,1136,25025170800,248,REVERE,Revere
,1137,25025981502,248,REVERE,Revere
,1138,25003935100,249,RICHMOND,Richmond
,1139,25023541100,250,ROCHESTER,Rochester
,1140,25023502101,251,ROCKLAND,Rockland
,1141,25023502102,251,ROCKLAND,Rockland
,1142,25023502200,251,ROCKLAND,Rockland
,1143,25009220101,252,ROCKPORT,Rockport
,1144,25009220102,252,ROCKPORT,Rockport
,1145,25011040100,253,ROWE,Rowe
,1146,25009270100,254,ROWLEY,Rowley
,1147,25027702200,255,ROYALSTON,Royalston
,1148,25013813000,256,RUSSELL,Russell
,1149,25027721102,257,RUTLAND,Rutland
,1150,25009204101,258,SALEM,Salem
,1151,25009204102,258,SALEM,Salem
,1152,25009204200,258,SALEM,Salem
,1153,25009204300,258,SALEM,Salem
,1154,25009204400,258,SALEM,Salem
,1155,25009204500,258,SALEM,Salem
,1156,25009204600,258,SALEM,Salem
,1157,25009204701,258,SALEM,Salem
,1158,25009204702,258,SALEM,Salem
,1159,25009267101,259,SALISBURY,Salisbury
,1160,25009267102,259,SALISBURY,Salisbury
,1161,25003933400,260,SANDISFIELD,Sandisfield
,1162,25001013300,261,SANDWICH,Sandwich
,1163,25001013400,261,SANDWICH,Sandwich
,1164,25001013500,261,SANDWICH,Sandwich
,1165,25001013600,261,SANDWICH,Sandwich
,1166,25001014100,261,SANDWICH,Sandwich
,1167,25009208101,262,SAUGUS,Saugus
,1168,25009208102,262,SAUGUS,Saugus
,1169,25009208200,262,SAUGUS,Saugus
,1170,25009208300,262,SAUGUS,Saugus
,1171,25009208400,262,SAUGUS,Saugus
,1172,25003931300,263,SAVOY,Savoy
,1173,25023505101,264,SCITUATE,Scituate
,1174,25023505102,264,SCITUATE,Scituate
,1175,25023505200,264,SCITUATE,Scituate
,1176,25005632100,265,SEEKONK,Seekonk
,1177,25005632200,265,SEEKONK,Seekonk
,1178,25021414100,266,SHARON,Sharon
,1179,25021414200,266,SHARON,Sharon
,1180,25021414300,266,SHARON,Sharon
,1181,25003926100,267,SHEFFIELD,Sheffield
,1182,25011041502,268,SHELBURNE,Shelburne
,1183,25017386100,269,SHERBORN,Sherborn
,1184,25017325100,270,SHIRLEY,Shirley
,1185,25017388200,270,SHIRLEY,Shirley
,1186,25027739100,271,SHREWSBURY,Shrewsbury
,1187,25027739200,271,SHREWSBURY,Shrewsbury
,1188,25027739300,271,SHREWSBURY,Shrewsbury
,1189,25027739400,271,SHREWSBURY,Shrewsbury
,1190,25027739500,271,SHREWSBURY,Shrewsbury
,1191,25011040600,272,SHUTESBURY,Shutesbury
,1192,25005644101,273,SOMERSET,Somerset
,1193,25005644102,273,SOMERSET,Somerset
,1194,25005644200,273,SOMERSET,Somerset
,1195,25017350103,274,SOMERVILLE,Somerville
,1196,25017350104,274,SOMERVILLE,Somerville
,1197,25017350200,274,SOMERVILLE,Somerville
,1198,25017350300,274,SOMERVILLE,Somerville
,1199,25017350400,274,SOMERVILLE,Somerville
,1200,25017350500,274,SOMERVILLE,Somerville
,1201,25017350600,274,SOMERVILLE,Somerville
,1202,25017350700,274,SOMERVILLE,Somerville
,1203,25017350800,274,SOMERVILLE,Somerville
,1204,25017350900,274,SOMERVILLE,Somerville
,1205,25017351000,274,SOMERVILLE,Somerville
,1206,25017351100,274,SOMERVILLE,Somerville
,1207,25017351203,274,SOMERVILLE,Somerville
,1208,25017351204,274,SOMERVILLE,Somerville
,1209,25017351300,274,SOMERVILLE,Somerville
,1210,25017351403,274,SOMERVILLE,Somerville
,1211,25017351404,274,SOMERVILLE,Somerville
,1212,25017351500,274,SOMERVILLE,Somerville
,1213,25015821000,275,SOUTH HADLEY,South Hadley
,1214,25015821100,275,SOUTH HADLEY,South Hadley
,1215,25015821200,275,SOUTH HADLEY,South Hadley
,1216,25015821300,275,SOUTH HADLEY,South Hadley
,1217,25015822500,276,SOUTHAMPTON,Southampton
,1218,25027741101,277,SOUTHBOROUGH,Southborough
,1219,25027741102,277,SOUTHBOROUGH,Southborough
,1220,25027757100,278,SOUTHBRIDGE,Southbridge
,1221,25027757200,278,SOUTHBRIDGE,Southbridge
,1222,25027757300,278,SOUTHBRIDGE,Southbridge
,1223,25027757400,278,SOUTHBRIDGE,Southbridge
,1224,25027757500,278,SOUTHBRIDGE,Southbridge
,1225,25013813101,279,SOUTHWICK,Southwick
,1226,25013813102,279,SOUTHWICK,Southwick
,1227,25027726100,280,SPENCER,Spencer
,1228,25027726200,280,SPENCER,Spencer
,1229,25013800101,281,SPRINGFIELD,Springfield
,1230,25013800102,281,SPRINGFIELD,Springfield
,1231,25013800201,281,SPRINGFIELD,Springfield
,1232,25013800202,281,SPRINGFIELD,Springfield
,1233,25013800300,281,SPRINGFIELD,Springfield
,1234,25013800400,281,SPRINGFIELD,Springfield
,1235,25013800500,281,SPRINGFIELD,Springfield
,1236,25013800600,281,SPRINGFIELD,Springfield
,1237,25013800700,281,SPRINGFIELD,Springfield
,1238,25013800800,281,SPRINGFIELD,Springfield
,1239,25013800900,281,SPRINGFIELD,Springfield
,1240,25013801101,281,SPRINGFIELD,Springfield
,1241,25013801102,281,SPRINGFIELD,Springfield
,1242,25013801200,281,SPRINGFIELD,Springfield
,1243,25013801300,281,SPRINGFIELD,Springfield
,1244,25013801401,281,SPRINGFIELD,Springfield
,1245,25013801402,281,SPRINGFIELD,Springfield
,1246,25013801501,281,SPRINGFIELD,Springfield
,1247,25013801502,281,SPRINGFIELD,Springfield
,1248,25013801503,281,SPRINGFIELD,Springfield
,1249,25013801601,281,SPRINGFIELD,Springfield
,1250,25013801602,281,SPRINGFIELD,Springfield
,1251,25013801603,281,SPRINGFIELD,Springfield
,1252,25013801604,281,SPRINGFIELD,Springfield
,1253,25013801605,281,SPRINGFIELD,Springfield
,1254,25013801700,281,SPRINGFIELD,Springfield
,1255,25013801800,281,SPRINGFIELD,Springfield
,1256,25013801901,281,SPRINGFIELD,Springfield
,1257,25013801902,281,SPRINGFIELD,Springfield
,1258,25013802000,281,SPRINGFIELD,Springfield
,1259,25013802100,281,SPRINGFIELD,Springfield
,1260,25013802200,281,SPRINGFIELD,Springfield
,1261,25013802300,281,SPRINGFIELD,Springfield
,1262,25013802400,281,SPRINGFIELD,Springfield
,1263,25013802500,281,SPRINGFIELD,Springfield
,1264,25013802601,281,SPRINGFIELD,Springfield
,1265,25013802602,281,SPRINGFIELD,Springfield
,1266,25027719100,282,STERLING,Sterling
,1267,25003924100,283,STOCKBRIDGE,Stockbridge
,1268,25017337101,284,STONEHAM,Stoneham
,1269,25017337102,284,STONEHAM,Stoneham
,1270,25017337201,284,STONEHAM,Stoneham
,1271,25017337202,284,STONEHAM,Stoneham
,1272,25017337300,284,STONEHAM,Stoneham
,1273,25021456101,285,STOUGHTON,Stoughton
,1274,25021456102,285,STOUGHTON,Stoughton
,1275,25021456200,285,STOUGHTON,Stoughton
,1276,25021456301,285,STOUGHTON,Stoughton
,1277,25021456302,285,STOUGHTON,Stoughton
,1278,25021456401,285,STOUGHTON,Stoughton
,1279,25021456402,285,STOUGHTON,Stoughton
,1280,25017323100,286,STOW,Stow
,1281,25017980000,286,STOW,Stow
,1282,25027758101,287,STURBRIDGE,Sturbridge
,1283,25027758102,287,STURBRIDGE,Sturbridge
,1284,25017365100,288,SUDBURY,Sudbury
,1285,25017365201,288,SUDBURY,Sudbury
,1286,25017365202,288,SUDBURY,Sudbury
,1287,25011040800,289,SUNDERLAND,Sunderland
,1288,25027751101,290,SUTTON,Sutton
,1289,25027751102,290,SUTTON,Sutton
,1290,25009202101,291,SWAMPSCOTT,Swampscott
,1291,25009202102,291,SWAMPSCOTT,Swampscott
,1292,25009202200,291,SWAMPSCOTT,Swampscott
,1293,25005645101,292,SWANSEA,Swansea
,1294,25005645102,292,SWANSEA,Swansea
,1295,25005645103,292,SWANSEA,Swansea
,1296,25005613100,293,TAUNTON,Taunton
,1297,25005613300,293,TAUNTON,Taunton
,1298,25005613400,293,TAUNTON,Taunton
,1299,25005613600,293,TAUNTON,Taunton
,1300,25005613700,293,TAUNTON,Taunton
,1301,25005613800,293,TAUNTON,Taunton
,1302,25005613901,293,TAUNTON,Taunton
,1303,25005613902,293,TAUNTON,Taunton
,1304,25005614000,293,TAUNTON,Taunton
,1305,25005614101,293,TAUNTON,Taunton
,1306,25005614102,293,TAUNTON,Taunton
,1307,25027705100,294,TEMPLETON,Templeton
,1308,25017315100,295,TEWKSBURY,Tewksbury
,1309,25017315200,295,TEWKSBURY,Tewksbury
,1310,25017315401,295,TEWKSBURY,Tewksbury
,1311,25017315402,295,TEWKSBURY,Tewksbury
,1312,25017315403,295,TEWKSBURY,Tewksbury
,1313,25017315500,295,TEWKSBURY,Tewksbury
,1314,25007200100,296,TISBURY,Tisbury
,1315,25013813000,297,TOLLAND,Tolland
,1316,25009214100,298,TOPSFIELD,Topsfield
,1317,25017301101,299,TOWNSEND,Townsend
,1318,25017301102,299,TOWNSEND,Townsend
,1319,25001010208,300,TRURO,Truro
,1320,25017313101,301,TYNGSBOROUGH,Tyngsborough
,1321,25017313102,301,TYNGSBOROUGH,Tyngsborough
,1322,25003933200,302,TYRINGHAM,Tyringham
,1323,25027743100,303,UPTON,Upton
,1324,25027749100,304,UXBRIDGE,Uxbridge
,1325,25027749200,304,UXBRIDGE,Uxbridge
,1326,25017335100,305,WAKEFIELD,Wakefield
,1327,25017335200,305,WAKEFIELD,Wakefield
,1328,25017335301,305,WAKEFIELD,Wakefield
,1329,25017335302,305,WAKEFIELD,Wakefield
,1330,25017335400,305,WAKEFIELD,Wakefield
,1331,25013813801,306,WALES,Wales
,1332,25021411100,307,WALPOLE,Walpole
,1333,25021411200,307,WALPOLE,Walpole
,1334,25021411301,307,WALPOLE,Walpole
,1335,25021411302,307,WALPOLE,Walpole
,1336,25017368101,308,WALTHAM,Waltham
,1337,25017368102,308,WALTHAM,Waltham
,1338,25017368200,308,WALTHAM,Waltham
,1339,25017368300,308,WALTHAM,Waltham
,1340,25017368400,308,WALTHAM,Waltham
,1341,25017368500,308,WALTHAM,Waltham
,1342,25017368600,308,WALTHAM,Waltham
,1343,25017368700,308,WALTHAM,Waltham
,1344,25017368800,308,WALTHAM,Waltham
,1345,25017368901,308,WALTHAM,Waltham
,1346,25017368902,308,WALTHAM,Waltham
,1347,25017369000,308,WALTHAM,Waltham
,1348,25017369100,308,WALTHAM,Waltham
,1349,25015820101,309,WARE,Ware
,1350,25015820102,309,WARE,Ware
,1351,25023545100,310,WAREHAM,Wareham
,1352,25023545200,310,WAREHAM,Wareham
,1353,25023545300,310,WAREHAM,Wareham
,1354,25023545400,310,WAREHAM,Wareham
,1355,25027761100,311,WARREN,Warren
,1356,25011040400,312,WARWICK,Warwick
,1357,25003932200,313,WASHINGTON,Washington
,1358,25017370101,314,WATERTOWN,Watertown
,1359,25017370102,314,WATERTOWN,Watertown
,1360,25017370201,314,WATERTOWN,Watertown
,1361,25017370202,314,WATERTOWN,Watertown
,1362,25017370300,314,WATERTOWN,Watertown
,1363,25017370400,314,WATERTOWN,Watertown
,1364,25017366100,315,WAYLAND,Wayland
,1365,25017366201,315,WAYLAND,Wayland
,1366,25017366202,315,WAYLAND,Wayland
,1367,25027754100,316,WEBSTER,Webster
,1368,25027754200,316,WEBSTER,Webster
,1369,25027754300,316,WEBSTER,Webster
,1370,25027754400,316,WEBSTER,Webster
,1371,25021404100,317,WELLESLEY,Wellesley
,1372,25021404201,317,WELLESLEY,Wellesley
,1373,25021404202,317,WELLESLEY,Wellesley
,1374,25021404301,317,WELLESLEY,Wellesley
,1375,25021404302,317,WELLESLEY,Wellesley
,1376,25021404400,317,WELLESLEY,Wellesley
,1377,25001010206,318,WELLFLEET,Wellfleet
,1378,25011040400,319,WENDELL,Wendell
,1379,25009216100,320,WENHAM,Wenham
,1380,25027729100,321,WEST BOYLSTON,West Boylston
,1381,25027729200,321,WEST BOYLSTON,West Boylston
,1382,25023524101,322,WEST BRIDGEWATER,West Bridgewater
,1383,25023524102,322,WEST BRIDGEWATER,West Bridgewater
,1384,25027724100,323,WEST BROOKFIELD,West Brookfield
,1385,25009263100,324,WEST NEWBURY,West Newbury
,1386,25013812201,325,WEST SPRINGFIELD,West Springfield
,1387,25013812202,325,WEST SPRINGFIELD,West Springfield
,1388,25013812300,325,WEST SPRINGFIELD,West Springfield
,1389,25013812401,325,WEST SPRINGFIELD,West Springfield
,1390,25013812403,325,WEST SPRINGFIELD,West Springfield
,1391,25013812404,325,WEST SPRINGFIELD,West Springfield
,1392,25003934200,326,WEST STOCKBRIDGE,West Stockbridge
,1393,25007200400,327,WEST TISBURY,West Tisbury
,1394,25027742300,328,WESTBOROUGH,Westborough
,1395,25027742401,328,WESTBOROUGH,Westborough
,1396,25027742402,328,WESTBOROUGH,Westborough
,1397,25027761200,328,WESTBOROUGH,Westborough
,1398,25013812500,329,WESTFIELD,Westfield
,1399,25013812600,329,WESTFIELD,Westfield
,1400,25013812701,329,WESTFIELD,Westfield
,1401,25013812702,329,WESTFIELD,Westfield
,1402,25013812800,329,WESTFIELD,Westfield
,1403,25013812901,329,WESTFIELD,Westfield
,1404,25013812902,329,WESTFIELD,Westfield
,1405,25013812903,329,WESTFIELD,Westfield
,1406,25017318100,330,WESTFORD,Westford
,1407,25017318200,330,WESTFORD,Westford
,1408,25017318300,330,WESTFORD,Westford
,1409,25017318400,330,WESTFORD,Westford
,1410,25015822603,331,WESTHAMPTON,Westhampton
,1411,25027708100,332,WESTMINSTER,Westminster
,1412,25017367100,333,WESTON,Weston
,1413,25017367200,333,WESTON,Weston
,1414,25005646101,334,WESTPORT,Westport
,1415,25005646103,334,WESTPORT,Westport
,1416,25005646104,334,WESTPORT,Westport
,1417,25021412100,335,WESTWOOD,Westwood
,1418,25021412200,335,WESTWOOD,Westwood
,1419,25021412300,335,WESTWOOD,Westwood
,1420,25021422100,336,WEYMOUTH,Weymouth
,1421,25021422200,336,WEYMOUTH,Weymouth
,1422,25021422301,336,WEYMOUTH,Weymouth
,1423,25021422302,336,WEYMOUTH,Weymouth
,1424,25021422400,336,WEYMOUTH,Weymouth
,1425,25021422501,336,WEYMOUTH,Weymouth
,1426,25021422502,336,WEYMOUTH,Weymouth
,1427,25021422600,336,WEYMOUTH,Weymouth
,1428,25021422700,336,WEYMOUTH,Weymouth
,1429,25021422800,336,WEYMOUTH,Weymouth
,1430,25011040800,337,WHATELY,Whately
,1431,25023521101,338,WHITMAN,Whitman
,1432,25023521102,338,WHITMAN,Whitman
,1433,25023521201,338,WHITMAN,Whitman
,1434,25023521202,338,WHITMAN,Whitman
,1435,25013813601,339,WILBRAHAM,Wilbraham
,1436,25013813602,339,WILBRAHAM,Wilbraham
,1437,25015822606,340,WILLIAMSBURG,Williamsburg
,1438,25003920101,341,WILLIAMSTOWN,Williamstown
,1439,25003920102,341,WILLIAMSTOWN,Williamstown
,1440,25017331101,342,WILMINGTON,Wilmington
,1441,25017331102,342,WILMINGTON,Wilmington
,1442,25017331200,342,WILMINGTON,Wilmington
,1443,25017331300,342,WILMINGTON,Wilmington
,1444,25027701100,343,WINCHENDON,Winchendon
,1445,25027702200,343,WINCHENDON,Winchendon
,1446,25017338100,344,WINCHESTER,Winchester
,1447,25017338200,344,WINCHESTER,Winchester
,1448,25017338300,344,WINCHESTER,Winchester
,1449,25017338400,344,WINCHESTER,Winchester
,1450,25017338500,344,WINCHESTER,Winchester
,1451,25003931400,345,WINDSOR,Windsor
,1452,25025180101,346,WINTHROP,Winthrop
,1453,25025180200,346,WINTHROP,Winthrop
,1454,25025180301,346,WINTHROP,Winthrop
,1455,25025180400,346,WINTHROP,Winthrop
,1456,25025180500,346,WINTHROP,Winthrop
,1457,25025981300,346,WINTHROP,Winthrop
,1458,25025990101,346,WINTHROP,Winthrop
,1459,25017333100,347,WOBURN,Woburn
,1460,25017333200,347,WOBURN,Woburn
,1461,25017333300,347,WOBURN,Woburn
,1462,25017333400,347,WOBURN,Woburn
,1463,25017333501,347,WOBURN,Woburn
,1464,25017333502,347,WOBURN,Woburn
,1465,25017333600,347,WOBURN,Woburn
,1466,25027730100,348,WORCESTER,Worcester
,1467,25027730200,348,WORCESTER,Worcester
,1468,25027730300,348,WORCESTER,Worcester
,1469,25027730401,348,WORCESTER,Worcester
,1470,25027730402,348,WORCESTER,Worcester
,1471,25027730500,348,WORCESTER,Worcester
,1472,25027730600,348,WORCESTER,Worcester
,1473,25027730700,348,WORCESTER,Worcester
,1474,25027730801,348,WORCESTER,Worcester
,1475,25027730802,348,WORCESTER,Worcester
,1476,25027730901,348,WORCESTER,Worcester
,1477,25027730902,348,WORCESTER,Worcester
,1478,25027731001,348,WORCESTER,Worcester
,1479,25027731002,348,WORCESTER,Worcester
,1480,25027731101,348,WORCESTER,Worcester
,1481,25027731102,348,WORCESTER,Worcester
,1482,25027731202,348,WORCESTER,Worcester
,1483,25027731203,348,WORCESTER,Worcester
,1484,25027731204,348,WORCESTER,Worcester
,1485,25027731300,348,WORCESTER,Worcester
,1486,25027731400,348,WORCESTER,Worcester
,1487,25027731500,348,WORCESTER,Worcester
,1488,25027731600,348,WORCESTER,Worcester
,1489,25027731700,348,WORCESTER,Worcester
,1490,25027731800,348,WORCESTER,Worcester
,1491,25027731900,348,WORCESTER,Worcester
,1492,25027732001,348,WORCESTER,Worcester
,1493,25027732002,348,WORCESTER,Worcester
,1494,25027732201,348,WORCESTER,Worcester
,1495,25027732202,348,WORCESTER,Worcester
,1496,25027732203,348,WORCESTER,Worcester
,1497,25027732301,348,WORCESTER,Worcester
,1498,25027732302,348,WORCESTER,Worcester
,1499,25027732400,348,WORCESTER,Worcester
,1500,25027732500,348,WORCESTER,Worcester
,1501,25027732600,348,WORCESTER,Worcester
,1502,25027732700,348,WORCESTER,Worcester
,1503,25027732801,348,WORCESTER,Worcester
,1504,25027732802,348,WORCESTER,Worcester
,1505,25027732901,348,WORCESTER,Worcester
,1506,25027732902,348,WORCESTER,Worcester
,1507,25027733000,348,WORCESTER,Worcester
,1508,25027733101,348,WORCESTER,Worcester
,1509,25027733102,348,WORCESTER,Worcester
,1510,25015822700,349,WORTHINGTON,Worthington
,1511,25021441202,350,WRENTHAM,Wrentham
,1512,25021441203,350,WRENTHAM,Wrentham
,1513,25021441204,350,WRENTHAM,Wrentham
,1514,25001011801,351,YARMOUTH,Yarmouth
,1515,25001011802,351,YARMOUTH,Yarmouth
,1516,25001012001,351,YARMOUTH,Yarmouth
,1517,25001012002,351,YARMOUTH,Yarmouth
,1518,25001012101,351,YARMOUTH,Yarmouth
,1519,25001012102,351,YARMOUTH,Yarmouth
